<launch>
  <arg name="map_size_x_"/>
  <arg name="map_size_y_"/>
  <arg name="map_size_z_"/>

  <arg name="odometry_topic"/>
  <arg name="camera_pose_topic"/>
  <arg name="depth_topic"/>
  <arg name="cloud_topic"/>

  <arg name="cx"/>
  <arg name="cy"/>
  <arg name="fx"/>
  <arg name="fy"/>

  <arg name="max_vel"/>
  <arg name="max_acc"/>
  <arg name="planning_horizon"/>

  <arg name="point_num"/>
  <arg name="point0_x"/>
  <arg name="point0_y"/>
  <arg name="point0_z"/>
  <arg name="point1_x"/>
  <arg name="point1_y"/>
  <arg name="point1_z"/>
  <arg name="point2_x"/>
  <arg name="point2_y"/>
  <arg name="point2_z"/>
  <arg name="point3_x"/>
  <arg name="point3_y"/>
  <arg name="point3_z"/>

  <arg name="flight_type"/>
  <arg name="use_distinctive_trajs"/>
  <arg name="obj_num_set"/>
  <arg name="drone_id"/>

  <!-- main node -->
  <node pkg="vrb_planner" name="drone_$(arg drone_id)_vrb_planner_node" type="vrb_planner_node" output="screen">

    <remap from="~odom_world" to="/drone_$(arg drone_id)_$(arg odometry_topic)"/>
    <remap from="position_cmd" to="drone_$(arg drone_id)_planning/pos_cmd"/>
    <remap from="position_cmd_vis" to="drone_$(arg drone_id)_planning/pos_cmd_vis"/>
    
    <remap from="~planning/trajectory" to = "/drone_$(arg drone_id)_planning/trajectory"/>
    <remap from="~planning/start" to = "/drone_$(arg drone_id)_planning/start"/>
    <remap from="~planning/finish" to = "/drone_$(arg drone_id)_planning/finish"/>
    <remap from="~planning/data_display" to = "/drone_$(arg drone_id)_planning/data_display"/>
    <remap from="~planning/broadcast_traj_send" to = "/broadcast_traj_from_planner"/>
    <remap from="~planning/broadcast_traj_recv" to = "/broadcast_traj_to_planner"/>

    <remap from="~grid_map/odom" to="/drone_$(arg drone_id)_$(arg odometry_topic)"/>
    <remap from="~grid_map/cloud" to="/drone_$(arg drone_id)_$(arg cloud_topic)"/>
    <!-- <remap from="~grid_map/cloud" to="/map_generator/global_cloud"/> -->
    <remap from="~grid_map/pose"   to = "/drone_$(arg drone_id)_$(arg camera_pose_topic)"/> 
    <remap from="~grid_map/depth" to = "/drone_$(arg drone_id)_$(arg depth_topic)"/>
    
    <!-- planning fsm -->
    <param name="fsm/flight_type"             value="$(arg flight_type)" type="int"/>
    <param name="fsm/thresh_replan_time"      value="1.0" type="double"/>
    <param name="fsm/thresh_no_replan_meter"  value="1.0" type="double"/>
    <param name="fsm/planning_horizon"        value="$(arg planning_horizon)" type="double"/> <!--always set to 1.5 times grater than sensing horizen-->
    <param name="fsm/planning_horizen_time"   value="3" type="double"/>
    <param name="fsm/emergency_time"          value="1.0" type="double"/>
    <param name="fsm/realworld_experiment"    value="false"/>
    <param name="fsm/fail_safe"               value="true"/>
    
    <param name="fsm/result_file" value="/home/zuzu/Documents/report/ego_swarm_1.txt"/>

    <param name="fsm/waypoint_num"  value="$(arg point_num)" type="int"/>
    <param name="fsm/waypoint0_x"   value="$(arg point0_x)" type="double"/>
    <param name="fsm/waypoint0_y"   value="$(arg point0_y)" type="double"/>
    <param name="fsm/waypoint0_z"   value="$(arg point0_z)" type="double"/>
    <param name="fsm/waypoint1_x"   value="$(arg point1_x)" type="double"/>
    <param name="fsm/waypoint1_y"   value="$(arg point1_y)" type="double"/>
    <param name="fsm/waypoint1_z"   value="$(arg point1_z)" type="double"/>
    <param name="fsm/waypoint2_x"   value="$(arg point2_x)" type="double"/>
    <param name="fsm/waypoint2_y"   value="$(arg point2_y)" type="double"/>
    <param name="fsm/waypoint2_z"   value="$(arg point2_z)" type="double"/>
    <param name="fsm/waypoint3_x"   value="$(arg point3_x)" type="double"/>
    <param name="fsm/waypoint3_y"   value="$(arg point3_y)" type="double"/>
    <param name="fsm/waypoint3_z"   value="$(arg point3_z)" type="double"/>
    
    <param name="grid_map/resolution"             value="0.1" /> 
    <param name="grid_map/map_size_x"             value="$(arg map_size_x_)" /> 
    <param name="grid_map/map_size_y"             value="$(arg map_size_y_)" /> 
    <param name="grid_map/map_size_z"             value="$(arg map_size_z_)" /> 
    <param name="grid_map/local_update_range_x"   value="5.5" /> 
    <param name="grid_map/local_update_range_y"   value="5.5" /> 
    <param name="grid_map/local_update_range_z"   value="3.0" /> 
    <!-- <param name="grid_map/local_update_range_x"   value="$(arg map_size_x_)" /> 
    <param name="grid_map/local_update_range_y"   value="$(arg map_size_y_)" /> 
    <param name="grid_map/local_update_range_z"   value="$(arg map_size_z_)" /> -->
    <param name="grid_map/obstacles_inflation"    value="0.1" /> 
    <param name="grid_map/local_map_margin"       value="10"/>
    <param name="grid_map/ground_height"          value="-0.01"/>
    <!-- camera parameter -->
    <param name="grid_map/cx" value="$(arg cx)"/>
    <param name="grid_map/cy" value="$(arg cy)"/>
    <param name="grid_map/fx" value="$(arg fx)"/>
    <param name="grid_map/fy" value="$(arg fy)"/>
    <!-- depth filter -->
    <param name="grid_map/use_depth_filter"       value="false"/>
    <param name="grid_map/depth_filter_tolerance" value="0.15"/>
    <param name="grid_map/depth_filter_maxdist"   value="5.0"/>
    <param name="grid_map/depth_filter_mindist"   value="0.2"/>
    <param name="grid_map/depth_filter_margin"    value="2"/>
    <param name="grid_map/k_depth_scaling_factor" value="1000.0"/>
    <param name="grid_map/skip_pixel"             value="2"/>
    <!-- local fusion -->
    <param name="grid_map/p_hit"  value="0.65"/>
    <param name="grid_map/p_miss" value="0.35"/>
    <param name="grid_map/p_min"  value="0.12"/>
    <param name="grid_map/p_max"  value="0.90"/>
    <param name="grid_map/p_occ"  value="0.80"/>
    <param name="grid_map/min_ray_length" value="0.1"/>
    <param name="grid_map/max_ray_length" value="5.0"/>

    <param name="grid_map/virtual_ceil_height"              value="3.0"/>
    <param name="grid_map/visualization_truncate_height"    value="2.8"/>
    <param name="grid_map/show_occ_time"                    value="false"/>
    <param name="grid_map/pose_type"                        value="1"/>  
    <param name="grid_map/frame_id"                         value="world"/>

    <!-- sdf map -->
    <param name="grid_map/local_bound_inflate"   value="0.0"/>
    <param name="grid_map/show_esdf_time"                  value="false"/>
    <param name="grid_map/esdf_slice_height"               value="0.5"/>

  <!-- planner manager -->
    <param name="manager/max_vel"                           value="$(arg max_vel)" type="double"/>
    <param name="manager/max_acc"                           value="$(arg max_acc)" type="double"/>
    <param name="manager/control_points_distance"           value="0.4" type="double"/>
    <param name="manager/polyTraj_piece_length"             value="2.0" type="double"/>
    <param name="manager/feasibility_tolerance"             value="0.05" type="double"/>
    <param name="manager/planning_horizon"                  value="$(arg planning_horizon)" type="double"/>
    <param name="manager/use_distinctive_trajs"             value="$(arg use_distinctive_trajs)" type="bool"/>
    <param name="manager/drone_id"                          value="$(arg drone_id)"/>

  <!-- vrb planner -->
  <param name="time_interval" value="0.001" type="double"/>

  <param name="vrb/form_coef" value="45.0" type="double"/>
  <param name="vrb/obs_coef" value="25.0" type="double"/><!--32-->
  <param name="vrb/swarm_coef" value="10.0" type="double"/>

  <param name="vrb/sigma_1" value="1.0" type="double"/>
  <param name="vrb/sigma_2" value="1.0" type="double"/>
  <param name="vrb/obs_clearance" value="5.0" type="double"/><!--10-->
  <param name="vrb/swarm_clearance" value="0.3" type="double"/>

  <param name="vrb/obs_closure" value="1.5" type="double"/>

  <param name="optimization/formation_type" value="0"/>
  </node>

</launch>