<launch>
  <arg name="map_size_x_"/>
  <arg name="map_size_y_"/>
  <arg name="map_size_z_"/>

  <arg name="odometry_topic"/>
  <arg name="camera_pose_topic"/>
  <arg name="depth_topic"/>
  <arg name="cloud_topic"/>

  <arg name="cx"/>
  <arg name="cy"/>
  <arg name="fx"/>
  <arg name="fy"/>

  <arg name="max_vel"/>
  <arg name="max_acc"/>
  <arg name="planning_horizon"/>
  <arg name="use_distinctive_trajs"/>

  <arg name="point_num"/>
  <arg name="point0_x"/>
  <arg name="point0_y"/>
  <arg name="point0_z"/>
  <arg name="point1_x"/>
  <arg name="point1_y"/>
  <arg name="point1_z"/>
  <arg name="point2_x"/>
  <arg name="point2_y"/>
  <arg name="point2_z"/>
  <arg name="point3_x"/>
  <arg name="point3_y"/>
  <arg name="point3_z"/>

  <arg name="drone_id"/>
  <arg name="flight_type"/>

  <!-- <arg name="formation_type"/>
  <arg name="weight_obstacle"/>
  <arg name="weight_swarm"/>
  <arg name="weight_feasibility"/>
  <arg name="weight_sqrvariance"/>
  <arg name="weight_time"/>
  <arg name="weight_formation"/>
  <arg name="weight_gather"/>
  <arg name="obstacle_clearance"/>
  <arg name="swarm_clearance"/>
  <arg name="swarm_gather_threshold"/>
  <arg name="formation_method_type"/> -->

  <arg name="swarm_formation_yaml"/>
  
  <!-- main node -->
  <!-- <node pkg="ego_planner" name="ego_planner_node" type="ego_planner_node" output="screen" launch-prefix="valgrind"> -->
  <node pkg="ego_planner" name="drone_$(arg drone_id)_ego_planner_node" type="ego_planner_node" output="screen">
    <remap from="~odom_world" to="/drone_$(arg drone_id)_$(arg odometry_topic)"/>
    <remap from="~planning/trajectory" to = "/drone_$(arg drone_id)_planning/trajectory"/>
    <remap from="~planning/start" to = "/drone_$(arg drone_id)_planning/start"/>
    <remap from="~planning/finish" to = "/drone_$(arg drone_id)_planning/finish"/>
    <remap from="~planning/data_display" to = "/drone_$(arg drone_id)_planning/data_display"/>
    <remap from="~planning/broadcast_traj_send" to = "/broadcast_traj_from_planner"/>
    <remap from="~planning/broadcast_traj_recv" to = "/broadcast_traj_to_planner"/>
    <remap from="~planning/broadcast_localgoal_send" to = "/broadcast_localgoal_from_planner"/>
    <remap from="~planning/broadcast_localgoal_recv" to = "/broadcast_localgoal_to_planner"/>
    <remap from="~planning/broadcast_remaplocalgoal_send" to = "/broadcast_remaplocalgoal_from_planner"/>
    <remap from="~planning/broadcast_remaplocalgoal_recv" to = "/broadcast_remaplocalgoal_to_planner"/>
    <remap from="~planning/broadcast_swarmglobalpath_send" to = "/broadcast_swarmglobalpath_from_planner"/>
    <remap from="~planning/broadcast_swarmglobalpath_recv" to = "/broadcast_swarmglobalpath_to_planner"/>

    <remap from="~grid_map/odom" to="/drone_$(arg drone_id)_$(arg odometry_topic)"/>
    <!-- 疑似bug??????????????/ -->
    <!-- <remap from="~grid_map/cloud" to="/drone_$(arg drone_id)_$(arg cloud_topic)"/> -->
    <remap from="~grid_map/cloud" to="/map_generator/global_cloud"/>

    <remap from="~grid_map/pose"   to = "/drone_$(arg drone_id)_$(arg camera_pose_topic)"/> 
    <remap from="~grid_map/depth" to = "/drone_$(arg drone_id)_$(arg depth_topic)"/>
    
    <!-- planning fsm -->
    <param name="fsm/flight_type"             value="$(arg flight_type)" type="int"/>
    <param name="fsm/thresh_replan_time"      value="1.0" type="double"/>
    <param name="fsm/thresh_no_replan_meter"  value="1.0" type="double"/>
    <param name="fsm/planning_horizon"        value="$(arg planning_horizon)" type="double"/> <!--always set to 1.5 times grater than sensing horizen-->
    <param name="fsm/planning_horizen_time"   value="10.0" type="double"/>
    <param name="fsm/emergency_time"          value="1.0" type="double"/>
    <param name="fsm/realworld_experiment"    value="false"/>
    <param name="fsm/fail_safe"               value="true"/>

    <param name="fsm/result_file" value="/home/zuzu/Documents/report/ego_swarm_1.txt"/>

    <param name="fsm/waypoint_num"  value="$(arg point_num)" type="int"/>
    <param name="fsm/waypoint0_x"   value="$(arg point0_x)" type="double"/>
    <param name="fsm/waypoint0_y"   value="$(arg point0_y)" type="double"/>
    <param name="fsm/waypoint0_z"   value="$(arg point0_z)" type="double"/>
    <param name="fsm/waypoint1_x"   value="$(arg point1_x)" type="double"/>
    <param name="fsm/waypoint1_y"   value="$(arg point1_y)" type="double"/>
    <param name="fsm/waypoint1_z"   value="$(arg point1_z)" type="double"/>
    <param name="fsm/waypoint2_x"   value="$(arg point2_x)" type="double"/>
    <param name="fsm/waypoint2_y"   value="$(arg point2_y)" type="double"/>
    <param name="fsm/waypoint2_z"   value="$(arg point2_z)" type="double"/>
    <param name="fsm/waypoint3_x"   value="$(arg point3_x)" type="double"/>
    <param name="fsm/waypoint3_y"   value="$(arg point3_y)" type="double"/>
    <param name="fsm/waypoint3_z"   value="$(arg point3_z)" type="double"/>
    
    <param name="grid_map/resolution"             value="0.1" /> 
    <param name="grid_map/map_size_x"             value="$(arg map_size_x_)" /> 
    <param name="grid_map/map_size_y"             value="$(arg map_size_y_)" /> 
    <param name="grid_map/map_size_z"             value="$(arg map_size_z_)" /> 
    <param name="grid_map/local_update_range_x"   value="$(arg map_size_x_)" /> 
    <!-- 即地图局部感知的大小，重要参数 -->
    <param name="grid_map/local_update_range_y"   value="$(arg map_size_y_)" /> 
    <param name="grid_map/local_update_range_z"   value="$(arg map_size_z_)" />
    <!-- <param name="grid_map/local_update_range_x"   value="$(arg map_size_x_)" /> 
    <param name="grid_map/local_update_range_y"   value="$(arg map_size_y_)" /> 
    <param name="grid_map/local_update_range_z"   value="$(arg map_size_z_)" /> -->
    <param name="grid_map/obstacles_inflation"    value="0.1" /> 
    <param name="grid_map/local_map_margin"       value="10"/>
    <param name="grid_map/ground_height"          value="-0.01"/>
    <!-- camera parameter -->
    <param name="grid_map/cx" value="$(arg cx)"/>
    <param name="grid_map/cy" value="$(arg cy)"/>
    <param name="grid_map/fx" value="$(arg fx)"/>
    <param name="grid_map/fy" value="$(arg fy)"/>
    <!-- depth filter -->
    <param name="grid_map/use_depth_filter"       value="false"/>
    <param name="grid_map/depth_filter_tolerance" value="0.15"/>
    <param name="grid_map/depth_filter_maxdist"   value="5.0"/>
    <param name="grid_map/depth_filter_mindist"   value="0.2"/>
    <param name="grid_map/depth_filter_margin"    value="2"/>
    <param name="grid_map/k_depth_scaling_factor" value="1000.0"/>
    <param name="grid_map/skip_pixel"             value="2"/>
    <!-- local fusion -->
    <param name="grid_map/p_hit"  value="0.65"/>
    <param name="grid_map/p_miss" value="0.35"/>
    <param name="grid_map/p_min"  value="0.12"/>
    <param name="grid_map/p_max"  value="0.90"/>
    <param name="grid_map/p_occ"  value="0.80"/>
    <param name="grid_map/min_ray_length" value="0.1"/>
    <param name="grid_map/max_ray_length" value="4.5"/>
  
    <param name="grid_map/virtual_ceil_height"              value="6.0"/>
    <param name="grid_map/visualization_truncate_height"    value="5.8"/>
    <param name="grid_map/show_occ_time"                    value="false"/>
    <param name="grid_map/pose_type"                        value="1"/>  
    <param name="grid_map/frame_id"                         value="world"/>

    <!-- sdf map -->
    <param name="grid_map/local_bound_inflate"   value="0.0"/>
    <param name="grid_map/show_esdf_time"                  value="false"/>
    <param name="grid_map/esdf_slice_height"               value="0.3"/>

  <!-- planner manager -->
    <param name="manager/max_vel"                           value="$(arg max_vel)" type="double"/>
    <param name="manager/max_acc"                           value="$(arg max_acc)" type="double"/>
    <param name="manager/control_points_distance"           value="0.3" type="double"/>
    <param name="manager/polyTraj_piece_length"             value="2.0" type="double"/>
    <param name="manager/feasibility_tolerance"             value="0.05" type="double"/>
    <param name="manager/planning_horizon"                  value="$(arg planning_horizon)" type="double"/>
    <param name="manager/use_distinctive_trajs"             value="$(arg use_distinctive_trajs)" type="bool"/>
    <param name="manager/drone_id"                          value="$(arg drone_id)"/>

  <!-- topology path finding -->
    <param name="topo_prm/sample_inflate_x" value="1.0" type="double"/>
    <param name="topo_prm/sample_inflate_y" value="3.5" type="double"/>
    <param name="topo_prm/sample_inflate_z" value="0.4" type="double"/>
    <param name="topo_prm/clearance" value="0.3" type="double"/>
    <param name="topo_prm/max_sample_time" value="0.005" type="double"/>
    <param name="topo_prm/max_sample_num" value="2000" type="int"/>
    
    <param name="topo_prm/max_raw_path" value="300" type="int"/>
    <param name="topo_prm/max_raw_path2" value="25" type="int"/>
    <param name="topo_prm/short_cut_num" value="1" type="int"/>
    <param name="topo_prm/reserve_num" value="3" type="int"/>
    <param name="topo_prm/ratio_to_short" value="5.5" type="double"/>
    <param name="topo_prm/parallel_shortcut" value="true" type="bool"/>

  <!-- trajectory optimization -->
    <rosparam file="$(find ego_planner)/config/$(arg swarm_formation_yaml).yaml"/>
    <!-- <param name="optimization/constrain_points_perPiece"    value="4" type="int"/>
    
    <param name="optimization/weight_obstacle"              value="$(arg weight_obstacle)"/>
    <param name="optimization/weight_swarm"                 value="$(arg weight_swarm)"/>
    <param name="optimization/weight_feasibility"           value="$(arg weight_feasibility)"/>
    <param name="optimization/weight_sqrvariance"           value="$(arg weight_sqrvariance)"/>
    <param name="optimization/weight_time"                  value="$(arg weight_time)"/>
    <param name="optimization/weight_formation"             value="$(arg weight_formation)"/>
    <param name="optimization/weight_gather"                value="$(arg weight_gather)"/>
    
    <param name="optimization/obstacle_clearance"           value="$(arg obstacle_clearance)"/>
    <param name="optimization/swarm_clearance"              value="$(arg swarm_clearance)"/>
    <param name="optimization/swarm_gather_threshold"       value="$(arg swarm_gather_threshold)"/> -->
    
    <param name="optimization/max_vel"                      value="$(arg max_vel)" type="double"/>
    <param name="optimization/max_acc"                      value="$(arg max_acc)" type="double"/>
    <!-- <param name="optimization/formation_type"               value="$(arg formation_type)"/>
    <param name="optimization/formation_method_type"        value="$(arg formation_method_type)"/> -->
    
    <param name="optimization/record_opt" value="true"/>

  </node>

</launch>