<launch>
  <arg name="init_x_"/>
  <arg name="init_y_"/>
  <arg name="init_z_"/> 
  <arg name="obj_num" value="1" />
  <arg name="map_size_x_"/>
  <arg name="map_size_y_"/>
  <arg name="map_size_z_"/>
  <arg name="c_num"/>
  <arg name="p_num"/>
  <arg name="min_dist"/>
  <arg name="odometry_topic"/>
  <arg name="drone_id"/>

  <node pkg="poscmd_2_odom" name="drone_$(arg drone_id)_poscmd_2_odom" type="poscmd_2_odom" output="screen">
        <param name="init_x" value="$(arg init_x_)"/>
        <param name="init_y" value="$(arg init_y_)"/>
        <param name="init_z" value="$(arg init_z_)"/>
        <remap from="~command" to="drone_$(arg drone_id)_planning/pos_cmd"/>
        <remap from="~odometry" to="drone_$(arg drone_id)_$(arg odometry_topic)"/>
  </node>
  
  <node pkg="odom_visualization" name="drone_$(arg drone_id)_odom_visualization" type="odom_visualization" output="screen">
        <remap from="~odom" to="drone_$(arg drone_id)_visual_slam/odom"/>
        <param name="color/a" value="1.0"/>    
        <param name="color/r" value="0.0"/>        
        <param name="color/g" value="0.0"/>        
        <param name="color/b" value="0.0"/>       
        <param name="covariance_scale" value="100.0"/>       
        <param name="robot_scale" value="1.0"/>
        <param name="tf45" value="false"/>
        <param name="drone_id" value="drone_id"/>
  </node>

  <node pkg="local_sensing_node" type="pcl_render_node" name="drone_$(arg drone_id)_pcl_render_node" output="screen">
        <rosparam command="load" file="$(find local_sensing_node)/params/camera.yaml" />
        <param name="sensing_horizon"  value="5.0" />
        <param name="sensing_rate"     value="30.0"/>
        <param name="estimation_rate"  value="30.0"/>

        <param name="map/x_size"     value="$(arg map_size_x_)"/>
        <param name="map/y_size"     value="$(arg map_size_y_)"/>
        <param name="map/z_size"     value="$(arg map_size_z_)"/>
      
        <remap from="~global_map" to="/map_generator/global_cloud"/>
        <remap from="~odometry"   to="/drone_$(arg drone_id)_$(arg odometry_topic)"/>
        <remap from="~pcl_render_node/cloud"   to="/drone_$(arg drone_id)_pcl_render_node/cloud"/>
  </node>

</launch>
